"cluster","ai_dependency_score","ai_usage_time_minutes","ai_ethics_score","last_exam_score","assignment_scores_avg","attendance_percentage","concept_understanding_score","study_consistency_index","improvement_rate","sleep_hours","social_media_hours","class_participation_score","final_score"
1,5.41811175337187,92.5101156069364,5.60500963391137,78.3227360308285,83.3283718689788,69.253323699422,6.12909441233141,5.43241811175337,11.3336705202312,6.44306358381503,3.04720616570328,5.47398843930636,71.919267822736
2,5.73931398416887,93.4775725593667,5.3910290237467,39.3730870712401,66.9541952506596,70.9547229551451,8.05488126649077,5.51957783641161,9.63261213720317,6.47815303430079,3.01055408970976,5.58786279683377,54.350765171504
3,5.66773504273504,80.553952991453,5.44871794871795,79.6698717948718,48.6064636752137,70.5536324786325,5.13461538461539,5.49861111111111,8.55699786324786,6.40571581196581,2.97425213675214,5.38942307692308,59.3245192307692
4,5.27909133055169,88.980528511822,5.43671766342142,41.5660639777469,60.2726008344924,68.8509040333797,2.91052387575336,5.61006026889198,10.76374594344,6.52610106629578,3.00695410292072,5.40797403801576,42.2537320352341
